career,skills
Data Scientist,"Python, Machine Learning, Statistics, SQL, Data Visualization, Pandas, NumPy"
Web Developer,"HTML, CSS, JavaScript, React, Node.js, Python, Git"
AI Engineer,"Python, Deep Learning, Neural Networks, TensorFlow, NLP, PyTorch"
Cybersecurity Analyst,"Networking, Linux, Cryptography, Firewalls, Risk Assessment, Security Tools"
Cloud Engineer,"AWS, Azure, Docker, Kubernetes, Linux, Cloud Security"
Mobile App Developer,"Java, Kotlin, Swift, Android, iOS, Flutter"
DevOps Engineer,"CI/CD, Jenkins, Docker, Kubernetes, Linux, AWS, GitHub Actions"
Business Analyst,"Excel, SQL, Data Visualization, Communication, Problem Solving, Power BI"
Data Engineer,"SQL, Python, Hadoop, Spark, ETL, Data Warehousing, Big Data"
UI/UX Designer,"Wireframing, Prototyping, Figma, Adobe XD, User Research, Design Thinking"
Game Developer,"C++, Unity, Unreal Engine, Game Design, Graphics Programming"
Machine Learning Engineer,"Python, Machine Learning, Deep Learning, TensorFlow, Scikit-learn, NLP"
Full Stack Developer,"HTML, CSS, JavaScript, React, Node.js, Python, SQL, Git"